INSERT INTO equipos (nombre,img) VALUES
('TIGRES','TIGRES.png'),
('MONTERREY','MONTERREY.png'),
('AMERICA','AMERICA.png'),
('SAN LUIS','SAN LUIS.png'),
('CRUZ AZUL','CRUZ AZUL.png'),
('PUMAS','PUMAS.png'),
('TIJUANA','TIJUANA.png'),
('ATLAS','ATLAS.png'),
('GUADALAJARA','GUADALAJARA.png'),
('NECAXA','NECAXA.png'), 
('LEON','LEON.png'),
('PUEBLA','PUEBLA.png'),
('JUAREZ','JUAREZ.png'),
('PACHUCA','PACHUCA.png'),
('QUERETARO','QUERETARO.png'),
('SANTOS','SANTOS.png');

-- insersion de jugadores
INSERT INTO jugadores (nombre, nacionalidad, posicion, idEquipo,img) VALUES
('André-Pierre Gignac', 'Francesa', 'Delantero', 'TIGRES','André-Pierre Gignac.png'),
('Sergio Canales', 'Españala', 'Centrocampista', 'MONTERREY','Sergio Canales.png'),
('Henry Martin', 'Mexicana', 'Delantero', 'AMERICA','Henry Martin.png'),
('Franck Boli', 'Marfileña', 'Delantero', 'SAN','Franck Boli.png'),
('Carlos Rotondi', 'Argentina', 'Delantero', 'CRUZ','Carlos Rotondi.png'),
('Cesar Huerta', 'Mexicana', 'Delantero-extremo izquierdo', 'PUMAS','Cesar Huerta.png'),
('Christian Rivera', 'Colombiano', 'Mediocampista', 'TIJUANA','Christian Rivera.png'),
('Aldo Rocha', 'Mexicana', 'Mediocampista defensivo', 'ATLAS','Aldo Rocha.png'),
('Roberto Alvarado', 'Mexicana', 'Mediocampista', 'GUADALAJARA','Roberto Alvarado.png'),
('José Paradela', 'Argentina', 'Mediocampista', 'NECAXA','José Paradela.png'),
('Jhonder Cádiz', 'Venezolana', 'Delantero', 'LEON','Jhonder Cádiz.png'),
('Lucas Cavallini', 'Canadiense', 'Delantero', 'PUEBLA','Lucas Cavallini.png'),
('Avilés Hurtado', 'Colombiana', 'Mediapunta o extremo', 'JUAREZ','Avilés Hurtado.png'),
('Borja Bastón', 'Española', 'Delantero	', 'PACHUCA','Borja Bastón.png'),
('Pablo Barrera', 'Mexicana', 'Volante o extremo por banda', 'QUERETARO','Pablo Barrera.png'),
('Harold Preciado', 'Colombiana', 'Delantero central', 'SANTOS','Harold Preciado.png');

-- insersion de goles
INSERT INTO goles (gol, idJugador, lugarTiro) VALUES
(FALSE, 1, 6),(TRUE, 1, 6),(FALSE, 1, 4),(TRUE, 1, 4),(TRUE, 1, 4),(TRUE, 1, 5),
(TRUE, 1, 3),(TRUE, 1, 4),(TRUE, 1, 1),(TRUE, 1, 6),(TRUE, 1, 4),(TRUE, 1, 1),
(TRUE, 1, 1),(TRUE, 1, 4),(TRUE, 1, 1),(TRUE, 1, 4),(FALSE, 1, 10),(TRUE, 1, 1),
(FALSE, 1, 11),(TRUE, 1, 4),(TRUE, 1, 5),(TRUE, 1, 6),(TRUE, 1, 4),(TRUE, 1, 6),
(TRUE, 1, 4),(TRUE, 1, 4),(TRUE, 1, 6),(TRUE, 1, 2),(FALSE, 1, 6),(TRUE, 1, 6),
(TRUE, 1, 6),(FALSE, 1, 10),
-- goles Sergio Canales
(TRUE, 2, 6),(FALSE, 2, 4),  
(TRUE, 2, 2),(TRUE, 2, 6),(TRUE, 2, 4),  
(FALSE, 2, 6),(TRUE, 2, 4),(TRUE, 2, 6),  
(FALSE, 2, 8),(TRUE, 2, 6),(TRUE, 2, 4),  
(TRUE, 2, 4),(TRUE, 2, 6),(TRUE, 2, 4),  
-- Henry Martin 
(TRUE, 3, 1),(TRUE, 3, 4),(TRUE, 3, 6),  
(TRUE, 3, 6),(TRUE, 3, 6),(TRUE, 3, 4),  
(TRUE, 3, 4),(TRUE, 3, 3),(TRUE, 3, 3),  
(FALSE, 3, 5),  
-- Franck Boli	marfileña
(TRUE, 4, 4),(TRUE, 4, 5),(FALSE, 4, 6),  
(TRUE, 4, 6),(TRUE, 4, 4),(TRUE, 4, 5),  
(FALSE, 4, 9),(TRUE, 4, 3),(TRUE, 4, 4),  
(FALSE, 4, 4),  
-- Carlos Rotondi
(TRUE, 5, 4),(TRUE, 5, 4),(TRUE, 5, 4),  
-- Cesar Huerta
(FALSE, 6, 6),(TRUE, 6, 5),(FALSE, 6, 4),  
(TRUE, 6, 6),(TRUE, 6, 4),(TRUE, 6, 4),  
(TRUE, 6, 4), 
-- Christian Rivera
(TRUE, 7, 6),(TRUE, 7, 6),(TRUE, 7, 6),  
(TRUE, 7, 6),(TRUE, 7, 6),(TRUE, 7, 4),  
(TRUE, 7, 4),(TRUE, 7, 6), 
-- Aldo Rocha
(TRUE, 8, 4),(TRUE, 8, 4),(FALSE, 8, 10),  
(TRUE, 8, 5),(FALSE, 8, 6),(TRUE, 8, 6),  
(TRUE, 8, 6),(TRUE, 8, 4),(TRUE, 8, 6), 
(TRUE, 8, 4), 
-- Roberto Alvarado
(TRUE, 9, 1),(TRUE, 9, 4),(TRUE, 9, 4),  
(TRUE, 9, 4),(TRUE, 9, 6),(TRUE, 9, 4),  
(TRUE, 9, 6), 
-- José Paradela
(TRUE, 10, 6),(TRUE, 10, 4),(TRUE, 10, 6),  
(TRUE, 10, 6),(TRUE, 10, 6), 
-- Jhonder Cádiz
(TRUE, 11, 4),(FALSE, 11, 10),(TRUE, 11, 5),  
(TRUE, 11, 4),(TRUE, 11, 6),(TRUE, 11, 5),  
(TRUE, 11, 5), 
-- Lucas Cavallini
(TRUE, 12, 6),(TRUE, 12, 6),(TRUE, 12, 4), 
(TRUE, 12, 2),(TRUE, 12, 6),(FALSE, 12, 5), 
(FALSE, 12, 6),(FALSE, 12, 6),(TRUE, 12, 4), 
-- Avilés Hurtado
(TRUE, 13, 4),(TRUE, 13, 6),(TRUE, 13, 3), 
(TRUE, 13, 5),(TRUE, 13, 4),(TRUE, 13, 2), 
(FALSE, 13, 11),  
-- Borja Bastón
(FALSE, 14, 6),(TRUE, 14, 6),(TRUE, 14, 5), 
(TRUE, 14, 1),(FALSE, 14, 9),(TRUE, 14, 4), 
(TRUE, 14, 5),(TRUE, 14, 1),(TRUE, 14, 6),  
(TRUE, 14, 2),(FALSE, 14, 6),(TRUE, 14, 6),  
(TRUE, 14, 6),(FALSE, 14, 6),(TRUE, 14, 6),  
(FALSE, 14, 8),(TRUE, 14, 3),(TRUE, 14, 1),  
(TRUE, 14, 6),(TRUE, 14, 5),(TRUE, 14, 5),  
(TRUE, 14, 6),(TRUE, 14, 2),(FALSE, 14, 4), 
(FALSE, 14, 14),  
-- Pablo Barrera
(FALSE, 15, 5),(TRUE, 15, 3),(TRUE, 15, 3),  
(TRUE, 15, 6),(TRUE, 15, 6),(TRUE, 15, 2),  
(FALSE, 15, 4),(TRUE, 15, 5),(TRUE, 15, 4),   
(TRUE, 15, 2),  
-- Harold Preciado
(TRUE, 16, 6),(TRUE, 16, 5),(FALSE, 16, 14),   
(TRUE, 16, 4),(TRUE, 16, 1);   	    	            


INSERT INTO partidos (idEquipo, idEquipoContrario, fecha, torneo, sede, arranque, marcadorF, marcadorC, minuto, ronda) VALUES
-- partidos tigres
('TIGRES','Guadalajara', '2024-08-24', 'LigaMXAP24', 'Local', TRUE, 0, 0, 42, 'Regular Season'),
('TIGRES','Necaxa', '2024-07-06', 'LigaMXAP24', 'Local', TRUE, 0, 0, 19, 'Regular Season'),
('TIGRES',' Colombus', '2024-04-09', 'ConcacafChampionsCup', 'Local',1, 0, 0, 90, 'Cuartos'),
('TIGRES','Puebla', '2023-12-03', 'LigaMXAP23', 'Local', TRUE, 0, 0, 9, 'Cuartos'),
('TIGRES','Pachuca', '2023-10-07', 'LigaMXAP23', 'visitante', TRUE, 0, 0, 8, 'Regular Season'),
('TIGRES','Monterrey', '2023-09-23', 'LigaMXAP23', 'Local', TRUE, 1, 0, 59, 'Regular Season'),
('TIGRES','Queretaro', '2023-09-02', 'LigaMXAP23', 'Local', TRUE, 2, 0, 49, 'Regular Season'),
('TIGRES','Guadalajara', '2023-05-28', 'LigaMXCL23', 'visitante', TRUE, 0, 2, 65, 'Final'),
('TIGRES','Toluca', '2023-05-11', 'LigaMXCL23', 'Local', TRUE, 1, 1, 31, 'Cuartos'),
('TIGRES','Puebla', '2023-04-20', 'LigaMXCL23', 'local', TRUE, 0, 0, 49, 'Regular Season'),
('TIGRES','Pumas', '2023-03-11', 'LigaMXCL23', 'local', TRUE, 2, 1, 44, 'Regular Season'),
('TIGRES','Pachuca', '2022-10-13', 'LigaMXAP22', 'local', TRUE, 0, 0, 88, 'Cuartos'),
('TIGRES','Atlas', '2022-05-21', 'LigaMXCL22', 'Local', TRUE, 2, 1, 74, 'Semifinal'),
('TIGRES','Atlas', '2022-05-21 ', 'LigaMXCL22', 'Local', TRUE, 0, 1, 54, 'Semifinal'),
('TIGRES','Mazatlan', '2022-02-06', 'LigaMXCL22', 'Local', TRUE, 2, 2, 76, 'Regular Season'),
('TIGRES','Pumas', '2022-01-23', 'LigaMXCL22', 'visitante', TRUE, 1, 1, 97, 'Regular Season'),
('TIGRES','Puebla', '2022-01-15', 'LigaMXCL22', 'Local', TRUE, 0, 2, 88, 'Regular Season'),
('TIGRES','Monterrey', '2021-04-24', 'LigaMXCL21', 'Local', TRUE, 1, 1, 64, 'Regular Season'),
('TIGRES','Mazatlan', '2021-03-13', 'LigaMXCL21', 'Local', TRUE, 0, 2, 70, 'Regular Season'),
('TIGRES','Puebla', '2021-03-05', 'LigaMXCL21', 'visitante', TRUE, 1, 1, 11, 'Regular Season'),
('TIGRES','San', '2020-10-03', 'LigaMXAP20', 'Local', TRUE, 1, 0, 70, 'lar Season'),
('TIGRES','Toluca', '2020-08-16', 'LigaMXAP20', 'visitante', TRUE, 1, 2, 72, 'Regular Season'),
('TIGRES','Puebla', '2020-08-11', 'LigaMXAP20', 'Local', TRUE, 0, 0, 6, 'Regular Season'),
('TIGRES','Pumas', '2020-02-29', 'LigaMXCL20', 'Local', TRUE, 1, 0, 56, 'Regular Season'),
('TIGRES','Pumas', '2020-02-29 ', 'LigaMXCL20', 'Local', TRUE, 0, 0, 50, 'Regular Season'),
('TIGRES','Guadalajara', '2020-02-08', 'LigaMXCL20', 'Local', TRUE, 1, 0, 62, 'Regular Season'),
('TIGRES','America', '2019-11-28', 'LigaMXAP19', 'visitante', TRUE, 1, 1, 67, 'Cuartos'),
('TIGRES','Santos', '2019-10-05', 'LigaMXAP19', 'Local', TRUE, 2, 0, 48, 'Regular Season'),
('TIGRES','Atlas', '2019-08-27', 'LigaMXAP19', 'visitante', TRUE, 0, 0, 29, 'Regular Season'),
('TIGRES','Atlas', '2019-02-22', 'LigaMXCL19', 'visitante', TRUE, 0, 0, 93, 'Regular Season'),
('TIGRES','Leon', '2019-01-05', 'LigaMXCL19', 'visitante', TRUE, 1, 2, 95, 'Regular Season'),
('TIGRES','Santos', '2018-08-19', 'LigaMxAP18', 'visitante', TRUE, 0, 0, 9, 'Regular Season'),
-- partidos monterrey
('Monterrey','Juarez', '2024-09-18', 'LigaMXAP24', 'Local', TRUE, 1, 2, 79, 'Regular Season'),
('Monterrey','Queretaro', '2024-07-20', 'LigaMXAP24', 'Local', TRUE, 0, 0, 28, 'Regular Season'),
('Monterrey','Leon', '2023-09-16', 'LigaMXAP23', 'local',1, 1, 0, 46, 'Regular Season'),
('Monterrey','Guadalajara', '2023-09-03', 'LigaMXAP23', 'visitante', TRUE, 1, 0, 36, 'Regular Season'),
('Monterrey','Real Valladolid', '2023-02-18', 'LaLiga', 'Local', TRUE, 1, 1, 49, 'Regular Season'),
('Monterrey','Getafe', '2021-02-19', 'LaLiga', 'Local', TRUE, 0, 0, 76, 'Regular Season'),
('Monterrey','Sevilla', '2021-01-02', 'LaLiga', 'Local', TRUE, 0, 1, 53, 'Regular Season'),
('Monterrey','Levante', '2020-12-29', 'LaLiga', 'visitante', TRUE, 1, 4, 78, 'Regular Season'),
('Monterrey','Athletic Club', '2020-06-20', 'LaLiga', 'visitante', TRUE, 0, 1, 86, 'Regular Season'),
('Monterrey','Granada', '2020-06-15', 'LaLiga', 'Local', TRUE, 0, 1, 85, 'Regular Season'),
('Monterrey','Mallorca', '2020-02-21', 'LaLiga', 'Local', TRUE, 0, 1, 19, 'Regular Season'),
('Monterrey','Barcelona', '2020-02-09', 'LaLiga', 'Local', TRUE, 0, 0, 6, 'Regular Season'),
('Monterrey','Atletico de Madrid', '2019-02-03', 'LaLiga', 'Local', TRUE, 0, 0, 65, 'Regular Season'),
('Monterrey','Girona', '2019-01-20', 'LaLiga', 'Local', TRUE, 2, 2, 94, 'Regular Season'),
-- partidos del america
('America', 'CruzAzul', '2024-05-26', 'LigaMXCL24', 'local', TRUE, 0, 0, 78, 'Final'),
('America', 'Pumas', '2024-04-20', 'LigaMXCL24', 'visitante', TRUE, 0, 0, 20, 'Regular Season'),
('America', 'Atlas', '2024-03-02', 'LigaMXCL24', 'visitante',1, 1, 1, 56, 'Regular Season'),
('America', 'Tigres', '2023-12-14', 'LigaMXAP23', 'visitante', TRUE, 0, 0, 51, 'Final'),
('America', 'Pumas', '2023-04-22', 'LigaMXCL23', 'local', TRUE, 0, 1, 72, 'Regular Season'),
('America', 'Necaxa', '2023-02-11', 'LigaMXCL23', 'local', TRUE, 1, 0, 51, 'Regular Season'),
('America', 'Santos', '2023-02-04', 'LigaMXCL23', 'visitante', TRUE, 0, 2, 53, 'Regular Season'),
('America', 'Toluca', '2023-01-14', 'LigaMXCL23', 'visitante', TRUE, 1, 2, 76, 'Regular Season'),
('America', 'Guadalajara', '2022-09-17', 'LigaMXAP22', 'local', TRUE, 0, 0, 4, 'Regular Season'),
('America', 'SanLuis', '2022-09-06', 'LigaMXAP22', 'local', TRUE, 3, 0, 89, 'Regular Season'),
-- partidos de san luis
('San Luis','Queretaro', '2024-08-18', 'LigaMXAP24', 'local', TRUE, 3, 0, 86, 'Regular Season'),
('San Luis','America', '2024-03-29', 'LigaMXCL24', 'visitante', TRUE, 0, 2, 95, 'Regular Season'),
('San Luis','Sarpsborg', '2019-07-15', 'Eliteserien', 'local', TRUE, 1, 2, 48, 'Regular Season'),
('San Luis','Kristiansund', '2019-06-23', 'Eliteserien', 'visitante', TRUE, 0, 0, 89, 'Regular Season'),
('San Luis','Bodo', '2019-04-28', 'Eliteserien', 'local', TRUE, 1, 0, 25, 'Regular Season'),
('San Luis','Stromsgodset', '2018-11-24', 'Eliteserien', 'local', TRUE, 0, 0, 17, 'Regular Season'),
('San Luis','Brann', '2018-10-21', 'Eliteserien', 'local', TRUE, 0, 0, 5, 'Regular Season'),
('San Luis','Lillestrom', '2018-09-30', 'Eliteserien', 'visitante', TRUE, 0, 1, 69, 'Regular Season'),
('San Luis','Ranheim', '2018-09-23', 'Eliteserien', 'local', TRUE, 0, 1, 38, 'Regular Season'),
('San Luis','Sandefjord', '2018-09-01', 'Eliteserien', 'local', TRUE, 2, 3, 89, 'Regular Season'),
-- partidos del cruz azul
('Cruz Azul', 'Queretaro', '2024-08-23', 'LigaMXAP24', 'visitante', TRUE, 0, 0, 45, 'Regular Season'),
('Cruz Azul', 'Monterrey', '2024-07-13', 'LigaMXAP24', 'visitante', TRUE, 1, 0, 28, 'Regular Season'),
('Cruz Azul', 'San Luis', '2024-02-10', 'LigaMXCL24', 'local', TRUE, 0, 0, 38, 'Regular Season'),
-- partido de pumas
('puma', 'Atlas', '2024-08-24', 'LigaMXAP24', 'visitante',1, 0, 0, 9, 'Regular Season'),
('puma', 'Pachuca', '2024-07-21', 'LigaMXAP24', 'Local', TRUE, 1, 0, 51, 'Regular Season'),
('puma', 'Tigres', '2023-12-10', 'LigaMXAP23', 'visitante', TRUE, 0, 0, 16, 'semifinal'),
('puma', 'Guadalajara', '2023-12-03', 'LigaMXAP23', 'Local', TRUE, 1, 0, 18, 'cuartos'),
('puma', 'Cruz Azlu', '2023-10-07', 'LigaMXAP23', 'visitante', TRUE, 0, 0, 30, 'Regular Season'),
('puma', 'Puebla', '2023-09-22', 'LigaMXAP23', 'visitante', TRUE, 1, 0, 67, 'Regular Season'),
('puma', 'Puebla', '2023-09-22', 'LigaMXAP23', 'visitante', TRUE, 0, 0, 8, 'Regular Season'),
-- partidos de tijuana
('Tijuana','Monterrey', '2024-08-23', 'LigaMXAP24', 'local', TRUE, 0, 1, 35, 'Regular Season'),
('Tijuana','Guadalajara', '2024-07-12', 'LigaMXAP24', 'local', FALSE, 2, 1, 86, 'Regular Season'),
('Tijuana','Santos', '2024-03-15', 'LigaMXCL24', 'local', TRUE, 1, 1, 70, 'Regular Season'),
('Tijuana','Pumas', '2024-03-10', 'LigaMXCL24', 'visitante', TRUE, 2, 3, 76, 'Regular Season'),
('Tijuana','Pumas', '2024-03-10', 'LigaMXCL24', 'visitante', TRUE, 1, 3, 53, 'Regular Season'),
('Tijuana','Pumas', '2024-03-10', 'LigaMXCL24', 'visitante', TRUE, 0, 2, 29, 'Regular Season'),
('Tijuana','Santos', '2024-03-03', 'LigaMXCL24', 'local', TRUE, 0, 1, 99, 'Regular Season'),
('Tijuana','Pachuca', '2024-02-03', 'LigaMXCL24', 'visitante', TRUE, 0, 2, 33, 'Regular Season'),
-- partidos de atlas
('Atlas','Santos', '2024-02-04', 'LigaMXCL24', 'Local', TRUE, 1, 0, 46, 'Regular Season'),
('Atlas','Tigres', '2022-05-21', 'LigaMXCL22', 'visitante', TRUE, 1, 4, 99, 'semifinal'),
('Atlas','Leon', '2021-12-12', 'LigaMXAP21', 'local', FALSE, 1, 1, 90, 'final'),
('Atlas','Chivas', '2021-10-02', 'LigaMXAP21', 'Visitante', TRUE, 0, 0, 27, 'Regular Season'),
('Atlas','Puebla', '2021-09-28', 'LigaMXAP21', 'local', FALSE, 0, 1, 54, 'Regular Season'),
('Atlas','Necaxa', '2021-04-30', 'LigaMXCL21', 'Visitante', TRUE, 3, 1, 88, 'Regular Season'),
('Atlas','Juarez', '2020-10-16', 'LigaMXAP20', 'Local', TRUE, 1, 0, 9, 'Regular Season'),
('Atlas','Queretaro', '2020-03-13', 'LigaMXCL20', 'local', TRUE, 1, 0, 52, 'Regular Season'),
('Atlas','Queretaro', '2020-03-13', 'LigaMXCL20', 'local', TRUE, 0, 0, 44, 'Regular Season'),
('Atlas','Cruz Azul', '2020-02-28', 'LigaMXCL20', 'local', TRUE, 1, 3, 84, 'Regular Season'),
-- partidos de guadalajara
('Guadalajara','Leon', '2024-09-18', 'LigaMXAP24', 'Local', TRUE, 0, 0, 50, 'Regular Season'),
('Guadalajara','Juarez', '2024-08-31', 'LigaMXAP24', 'Local', TRUE, 2, 0, 44, 'Regular Season'),
('Guadalajara','Leon', '2024-03-09', 'LigaMXCL24', 'Local', TRUE, 0, 2, 95, 'Regular Season'),
('Guadalajara','Queretaro', '2023-10-31', 'LigaMXAP23', 'Visitante', TRUE, 1, 0, 34, 'Regular Season'),
('Guadalajara','Puebla', '2023-10-20', 'LigaMXAP23', 'Visitante', TRUE, 0, 0, 25, 'Regular Season'),
('Guadalajara','Atlas', '2023-10-07', 'LigaMXAP23', 'Local', TRUE, 3, 1, 93, 'Regular Season'),
('Guadalajara','Santos', '2023-08-26', 'LigaMXAP23', 'Visitante', TRUE, 0, 2, 84, 'Regular Season'),
-- partidos de necaxa
('Necaxa','Tijuana', '2024-10-18', 'LigaMXCL24', 'Local', TRUE, 0, 1, 34, 'Regular Season'),
('Necaxa','Santos', '2024-09-01', 'LigaMXAP24', 'Visitante', TRUE, 0, 0, 34, 'Regular Season'),
('Necaxa','Juarez', '2024-08-24', 'LigaMXAP24', 'Local', TRUE, 0, 0, 31, 'Regular Season'),
('Necaxa','Queretaro', '2024-05-02', 'LigaMXAP24', 'Visitante', TRUE, 2, 3, 99, 'final'),
('Necaxa','Tijuana', '2024-04-05', 'LigaMXAP24', 'Visitante', TRUE, 1, 2, 85, 'Regular Season'),
-- partidos leon
('Leon','Necaxa', '2024-07-21', 'LigaMXAP24', 'Local', TRUE, 0, 1, 63, 'Regular Season'),
('Leon','Portimonense', '2024-04-21', 'LigaPortugal', 'Local', TRUE, 0, 1, 55, 'Regular Season'),
('Leon','Gil Vicente', '2024-03-29', 'LigaPortugal', 'Visitante', TRUE, 0, 0, 49, 'Regular Season'),
('Leon','Braga', '2024-01-18', 'LigaPortugal', 'Local', TRUE, 0, 0, 62, 'Regular Season'),
('Leon','Boavista', '2023-09-30', 'LigaPortugal', 'Visitante', TRUE, 0, 0, 12, 'Regular Season'),
('Leon','Benfica', '2019-04-14', 'LigaPortugal', 'Visitante', TRUE, 1, 4, 88, 'Regular Season'),
('Leon','Vitoria', '2019-02-23', 'LigaPortugal', 'Local', TRUE, 0, 1, 80, 'Regular Season'),
-- partidos Puebla
('Puebla','Leon', '2024-07-16', 'LigaMXAP24', 'Local', TRUE, 1, 2, 91, 'Regular Season'),
('Puebla','Santos', '2024-07-05', 'LigaMXAP24', 'Local', TRUE, 0, 0, 96, 'Regular Season'),
('Puebla','Necaxa', '2024-01-19', 'LigaMXCL24', 'Local', TRUE, 0, 0, 59, 'Regular Season'),
('Puebla','Vancouver', '2022-05-28', 'MLS', 'Visitante', TRUE, 0, 0, 24, 'Regular Season'),
('Puebla','Dallas', '2022-05-18', 'MLS', 'Local', TRUE, 1, 1, 92, 'Regular Season'),
('Puebla','LA Galaxy', '2020-03-07', 'MLS', 'visitante', TRUE, 1, 0, 89, 'Regular Season'),
('Puebla','Cruz Azl', '2019-08-24', 'LigaMXAP19', 'visitante', TRUE, 1, 1, 88, 'Regular Season'),
('Puebla','Veracruz', '2019-01-25', 'LigaMXCL19', 'visitante', TRUE, 0, 0, 20, 'Regular Season'),
('Puebla','Cruz Azl', '2019-01-04', 'LigaMXCL19', 'Local', TRUE, 0, 1, 29, 'Regular Season'),
-- partido de juarez
('Juarez','Atlas', '2024-07-05', 'LigaMXAP24', 'Local', FALSE, 1, 1, 72, 'Regular Season'),
('Juarez','Monterrey', '2023-10-07', 'LigaMXAP23', 'Visitante', TRUE, 0, 3, 52, 'Regular Season'),
('Juarez','Atlas', '2023-09-22', 'LigaMXAP23', 'Local', TRUE, 0, 2, 69, 'Regular Season'),
('Juarez','Pumas', '2023-08-22', 'LigaMXAP23', 'Local', FALSE, 3, 1, 81, 'Regular Season'),
('Juarez','Chivas', '2023-08-18', 'LigaMXAP23', 'Local', FALSE, 0, 1, 84, 'Regular Season'),
('Juarez','Monterrey', '2022-10-23', 'LigaMXAP22', 'Visitante', FALSE, 0, 0, 95, 'semifinal'),
('Juarez','Tigres', '2017-12-10', 'LigaMXAP17', 'Local', TRUE, 1, 2, 82, 'final'),
-- Partido de pachuca
('Pachuca','Queretaro', '2024-08-31', 'LigaMXAP24', 'Local', TRUE, 0, 1, 55, 'Regular Season'),
('Pachuca','Burgos', '2024-02-17', 'LaLiga2', 'Local', FALSE, 4, 0, 89, 'Regular Season'),
('Pachuca','Eldense', '2024-02-04', 'LaLiga2', 'Local', TRUE, 0, 1, 71, 'Regular Season'),
('Pachuca','Sporting', '2022-12-17', 'LaLiga2', 'Local', TRUE, 0, 0, 74, 'Regular Season'),
('Pachuca','Ponferradina', '2022-11-19', 'LaLiga2', 'Visitante', TRUE, 1, 1, 98, 'Regular Season'),
('Pachuca','Malaga', '2022-10-24', 'LaLiga2', 'Local', TRUE, 0, 0, 50, 'Regular Season'),
('Pachuca','Racing de Santander', '2022-08-28', 'LaLiga2', 'Visitante', TRUE, 0, 0, 53, 'Regular Season'),
('Pachuca','Leganes', '2022-08-21', 'LaLiga2', 'Local', TRUE, 0, 0, 80, 'Regular Season'),
('Pachuca','UD Ibiza', '2022-05-29', 'LaLiga2', 'Local', TRUE, 2, 2, 95, 'Regular Season'),
('Pachuca','Real Zaragoza', '2022-05-16', 'LaLiga2', 'Local', TRUE, 0, 0, 14, 'Regular Season'),
('Pachuca','Real Zaragoza', '2022-05-16', 'LaLiga2', 'local', TRUE, 3, 3, 71, 'Regular Season'),
('Pachuca','Mirandes', '2022-04-30', 'LaLiga2', 'Local', TRUE, 1, 0, 57, 'Regular Season'),
('Pachuca','Lugo', '2022-03-19', 'LaLiga2', 'Visitante', TRUE, 0, 1, 92, 'Regular Season'),
('Pachuca','Real Sociedad B', '2022-02-26', 'LaLiga2', 'Local', TRUE, 0, 1, 91, 'Regular Season'),
('Pachuca','Burgos', '2022-02-20', 'LaLiga2', 'Visitante', TRUE, 0, 0, 60, 'Regular Season'),
('Pachuca','Real Valladolid', '2021-12-12', 'LaLiga2', 'Visitante', TRUE, 1, 2, 59, 'Regular Season'),
('Pachuca','Las Palmas', '2021-11-06', 'LaLiga2', 'Local', TRUE, 0, 0, 21, 'Regular Season'),
('Pachuca','Burgos', '2021-10-21', 'LaLiga2', 'Local', TRUE, 0, 1, 57, 'Regular Season'),
('Pachuca','Cartagena', '2021-09-12', 'LaLiga2', 'Local', TRUE, 0, 0, 48, 'Regular Season'),
('Pachuca','Sporting', '2020-12-21', 'LaLiga2', 'Visitante', TRUE, 0, 1, 96, 'Regular Season'),
('Pachuca','Logroñes', '2020-10-17', 'LaLiga2', 'Visitante', TRUE, 0, 0, 31, 'Regular Season'),
('Pachuca','Birmingham', '2019-08-25', 'Championship', 'Local', TRUE, 2, 0, 75, 'Regular Season'),
('Pachuca','Birmingham', '2019-08-21', 'Championship', 'Visitante', TRUE, 1, 1, 70, 'Regular Season'),
('Pachuca','Real Sociedad', '2017-12-10', 'LaLiga', 'Visitante', TRUE, 1, 0, 58, 'Regular Season'),
('Pachuca','Sporting', '2014-02-16', 'LaLiga2', 'Local', TRUE, 0, 1, 30, 'Regular Season'),
--  partido de queretaro
('Queretaro','Necaxa', '2024-05-02', 'LigaMXCL24', 'Visitante', FALSE, 1, 0, 75, 'Regular Season'),
('Queretaro','Leon', '2024-04-06', 'LigaMXCL24', 'Visitante', TRUE, 1, 0, 75, 'Regular Season'),
('Queretaro','Atlas', '2024-03-31', 'LigaMXCL24', 'Visitante', TRUE, 1, 2, 70, 'Regular Season'),
('Queretaro','San Luis', '2024-02-27', 'LigaMXCL24', 'Local', TRUE, 2, 0, 48, 'Regular Season'),
('Queretaro','Chivas', '2023-10-31', 'LigaMXAP23', 'Local', TRUE, 0, 2, 55, 'Regular Season'),
('Queretaro','Juarez', '2023-03-19', 'LigaMXCL23', 'Local', TRUE, 1, 2, 87, 'Regular Season'),
('Queretaro','Atlas', '2023-01-22', 'LigaMXCL23', 'local', TRUE, 0, 0, 21, 'Regular Season'),
('Queretaro','Toluca', '2020-02-15', 'LigaMXCL20', 'Visitante', TRUE, 0, 1, 34, 'Regular Season'),
('Queretaro','Necaxa', '2019-07-28', 'LigaMXAP19', 'Local', FALSE, 1, 0, 71, 'Regular Season'),
('Queretaro','Cruz Azul', '2019-04-20', 'LigaMXCL19', 'Visitante', TRUE, 0, 2, 64, 'Regular Season'),
-- partido de santos
('Santos','Puebla', '2024-01-30', 'LigaMXCL24', 'Local', TRUE, 0, 0, 65, 'Regular Season'),
('Santos','Leon', '2024-01-27', 'LigaMXCL24', 'Visitante', TRUE, 0, 0, 43, 'Regular Season'),
('Santos','Chivas', '2024-01-13', 'LigaMXCL24', 'Visitante', FALSE, 1, 1, 94, 'Regular Season'),
('Santos','Monterrey', '2023-04-16', 'LigaMXCL23', 'Visitante', TRUE, 1, 1, 94, 'Regular Season'),
('Santos','Pumas', '2023-01-14', 'LigaMXCL23', 'Local', TRUE, 2, 0, 87, 'Regular Season');